"filename", "language", "Python", "Markdown", "JSON", "comment", "blank", "total"
"c:\Users\aismail\Documents\DS & ML\Projects\Quantitative Stock Prediction and Trading Decision System\Functions-level-pseudocode.md", "Markdown", 0, 300, 0, 0, 111, 411
"c:\Users\aismail\Documents\DS & ML\Projects\Quantitative Stock Prediction and Trading Decision System\README.md", "Markdown", 0, 0, 0, 0, 1, 1
"c:\Users\aismail\Documents\DS & ML\Projects\Quantitative Stock Prediction and Trading Decision System\config\_init__.py", "Python", 0, 0, 0, 0, 1, 1
"c:\Users\aismail\Documents\DS & ML\Projects\Quantitative Stock Prediction and Trading Decision System\config\settings.py", "Python", 57, 0, 0, 8, 21, 86
"c:\Users\aismail\Documents\DS & ML\Projects\Quantitative Stock Prediction and Trading Decision System\notebooks\01_data_exploration.ipynb", "JSON", 0, 0, 0, 0, 1, 1
"c:\Users\aismail\Documents\DS & ML\Projects\Quantitative Stock Prediction and Trading Decision System\notebooks\02_feature_exploration.ipynb", "JSON", 0, 0, 0, 0, 1, 1
"c:\Users\aismail\Documents\DS & ML\Projects\Quantitative Stock Prediction and Trading Decision System\notebooks\03_model_experiments.ipynb", "JSON", 0, 0, 0, 0, 1, 1
"c:\Users\aismail\Documents\DS & ML\Projects\Quantitative Stock Prediction and Trading Decision System\src\__init__.py", "Python", 0, 0, 0, 0, 1, 1
"c:\Users\aismail\Documents\DS & ML\Projects\Quantitative Stock Prediction and Trading Decision System\src\backtest\__init__.py", "Python", 0, 0, 0, 0, 1, 1
"c:\Users\aismail\Documents\DS & ML\Projects\Quantitative Stock Prediction and Trading Decision System\src\backtest\engine.py", "Python", 0, 0, 0, 0, 1, 1
"c:\Users\aismail\Documents\DS & ML\Projects\Quantitative Stock Prediction and Trading Decision System\src\backtest\execution.py", "Python", 0, 0, 0, 0, 1, 1
"c:\Users\aismail\Documents\DS & ML\Projects\Quantitative Stock Prediction and Trading Decision System\src\backtest\portfolio.py", "Python", 0, 0, 0, 0, 1, 1
"c:\Users\aismail\Documents\DS & ML\Projects\Quantitative Stock Prediction and Trading Decision System\src\backtest\trade_logger.py", "Python", 0, 0, 0, 0, 1, 1
"c:\Users\aismail\Documents\DS & ML\Projects\Quantitative Stock Prediction and Trading Decision System\src\data\__init__.py", "Python", 0, 0, 0, 0, 1, 1
"c:\Users\aismail\Documents\DS & ML\Projects\Quantitative Stock Prediction and Trading Decision System\src\data\cleaner.py", "Python", 46, 0, 0, 41, 31, 118
"c:\Users\aismail\Documents\DS & ML\Projects\Quantitative Stock Prediction and Trading Decision System\src\data\downloader.py", "Python", 49, 0, 0, 39, 37, 125
"c:\Users\aismail\Documents\DS & ML\Projects\Quantitative Stock Prediction and Trading Decision System\src\data\loader.py", "Python", 31, 0, 0, 32, 26, 89
"c:\Users\aismail\Documents\DS & ML\Projects\Quantitative Stock Prediction and Trading Decision System\src\data\validator.py", "Python", 42, 0, 0, 42, 24, 108
"c:\Users\aismail\Documents\DS & ML\Projects\Quantitative Stock Prediction and Trading Decision System\src\features\__init__.py", "Python", 0, 0, 0, 0, 1, 1
"c:\Users\aismail\Documents\DS & ML\Projects\Quantitative Stock Prediction and Trading Decision System\src\features\feature_pipeline.py", "Python", 73, 0, 0, 40, 41, 154
"c:\Users\aismail\Documents\DS & ML\Projects\Quantitative Stock Prediction and Trading Decision System\src\features\indicators.py", "Python", 84, 0, 0, 107, 94, 285
"c:\Users\aismail\Documents\DS & ML\Projects\Quantitative Stock Prediction and Trading Decision System\src\features\lag_features.py", "Python", 28, 0, 0, 23, 28, 79
"c:\Users\aismail\Documents\DS & ML\Projects\Quantitative Stock Prediction and Trading Decision System\src\features\target_builder.py", "Python", 34, 0, 0, 23, 28, 85
"c:\Users\aismail\Documents\DS & ML\Projects\Quantitative Stock Prediction and Trading Decision System\src\main.py", "Python", 0, 0, 0, 0, 1, 1
"c:\Users\aismail\Documents\DS & ML\Projects\Quantitative Stock Prediction and Trading Decision System\src\reporting\__init__.py", "Python", 0, 0, 0, 0, 1, 1
"c:\Users\aismail\Documents\DS & ML\Projects\Quantitative Stock Prediction and Trading Decision System\src\reporting\charts.py", "Python", 0, 0, 0, 0, 1, 1
"c:\Users\aismail\Documents\DS & ML\Projects\Quantitative Stock Prediction and Trading Decision System\src\reporting\exporter.py", "Python", 0, 0, 0, 0, 1, 1
"c:\Users\aismail\Documents\DS & ML\Projects\Quantitative Stock Prediction and Trading Decision System\src\reporting\metrics.py", "Python", 0, 0, 0, 0, 1, 1
"c:\Users\aismail\Documents\DS & ML\Projects\Quantitative Stock Prediction and Trading Decision System\src\strategy\__init__.py", "Python", 0, 0, 0, 0, 1, 1
"c:\Users\aismail\Documents\DS & ML\Projects\Quantitative Stock Prediction and Trading Decision System\src\strategy\entry_rules.py", "Python", 0, 0, 0, 0, 1, 1
"c:\Users\aismail\Documents\DS & ML\Projects\Quantitative Stock Prediction and Trading Decision System\src\strategy\exit_rules.py", "Python", 0, 0, 0, 0, 1, 1
"c:\Users\aismail\Documents\DS & ML\Projects\Quantitative Stock Prediction and Trading Decision System\src\strategy\risk_management.py", "Python", 0, 0, 0, 0, 1, 1
"c:\Users\aismail\Documents\DS & ML\Projects\Quantitative Stock Prediction and Trading Decision System\src\strategy\signal_generator.py", "Python", 0, 0, 0, 0, 1, 1
"c:\Users\aismail\Documents\DS & ML\Projects\Quantitative Stock Prediction and Trading Decision System\src\utils\__init__.py", "Python", 0, 0, 0, 0, 1, 1
"c:\Users\aismail\Documents\DS & ML\Projects\Quantitative Stock Prediction and Trading Decision System\src\utils\helpers.py", "Python", 0, 0, 0, 0, 1, 1
"c:\Users\aismail\Documents\DS & ML\Projects\Quantitative Stock Prediction and Trading Decision System\src\utils\logger.py", "Python", 0, 0, 0, 0, 1, 1
"c:\Users\aismail\Documents\DS & ML\Projects\Quantitative Stock Prediction and Trading Decision System\src\utils\paths.py", "Python", 0, 0, 0, 0, 1, 1
"c:\Users\aismail\Documents\DS & ML\Projects\Quantitative Stock Prediction and Trading Decision System\tests\__init__.py", "Python", 0, 0, 0, 0, 1, 1
"c:\Users\aismail\Documents\DS & ML\Projects\Quantitative Stock Prediction and Trading Decision System\tests\est_signal_generator.py", "Python", 0, 0, 0, 0, 1, 1
"c:\Users\aismail\Documents\DS & ML\Projects\Quantitative Stock Prediction and Trading Decision System\tests\test_backtest_engine.py", "Python", 0, 0, 0, 0, 1, 1
"c:\Users\aismail\Documents\DS & ML\Projects\Quantitative Stock Prediction and Trading Decision System\tests\test_cleaner.py", "Python", 0, 0, 0, 0, 1, 1
"c:\Users\aismail\Documents\DS & ML\Projects\Quantitative Stock Prediction and Trading Decision System\tests\test_indicators.py", "Python", 0, 0, 0, 0, 1, 1
"c:\Users\aismail\Documents\DS & ML\Projects\Quantitative Stock Prediction and Trading Decision System\tests\test_model_train.py", "Python", 0, 0, 0, 0, 1, 1
"c:\Users\aismail\Documents\DS & ML\Projects\Quantitative Stock Prediction and Trading Decision System\tests\test_target_builder.py", "Python", 0, 0, 0, 0, 1, 1
"Total", "-", 444, 300, 0, 355, 475, 1574