date,adj_close,close,high,low,open,volume
2020-01-02,36.25,36.25,39.0,33.75,37.5,1307
2020-01-03,37.0,37.0,42.25,33.75,33.75,954
2020-01-06,35.5,35.5,37.25,33.75,36.5,672
2020-01-07,33.75,33.75,37.0,30.25,35.0,548
2020-01-08,35.75,35.75,37.5,32.5,32.75,634
2020-01-09,35.75,35.75,41.25,35.0,41.25,422
2020-01-10,40.0,40.0,42.5,37.5,42.5,525
2020-01-13,45.0,45.0,45.0,37.5,40.0,538
2020-01-14,40.0,40.0,45.0,40.0,45.0,505
2020-01-15,45.0,45.0,47.5,41.5,41.5,1029
2020-01-16,41.25,41.25,45.0,37.5,45.0,832
2020-01-17,39.75,39.75,42.5,35.0,42.0,976
2020-01-21,37.5,37.5,39.0,35.0,37.0,208
2020-01-22,37.5,37.5,39.75,36.5,38.25,160
2020-01-23,36.25,36.25,37.5,35.0,36.75,385
2020-01-24,35.0,35.0,36.25,33.0,35.75,926
2020-01-27,41.25,41.25,44.75,33.75,33.75,8470
2020-01-28,41.5,41.5,45.5,41.25,42.5,2688
2020-01-29,41.25,41.25,45.0,40.0,45.0,1731
2020-01-30,42.5,42.5,43.5,40.0,40.0,685
2020-01-31,42.5,42.5,45.0,41.25,45.0,650
2020-02-03,42.25,42.25,45.0,40.0,45.0,488
2020-02-04,45.0,45.0,45.0,40.0,40.5,1382
2020-02-05,42.75,42.75,50.0,41.25,45.0,1528
2020-02-06,40.75,40.75,42.0,40.75,42.0,435
2020-02-07,40.0,40.0,43.75,39.5,40.75,2896
2020-02-10,38.75,38.75,42.5,37.5,40.0,2384
2020-02-11,35.0,35.0,40.75,35.0,37.5,1594
2020-02-12,28.75,28.75,37.5,28.75,37.5,1836
2020-02-13,19.75,19.75,29.75,12.5,28.75,14308
2020-02-14,24.5,24.5,25.0,17.75,19.75,2850
2020-02-18,22.0,22.0,27.5,20.25,24.75,1664
2020-02-19,22.5,22.5,22.5,20.0,20.0,874
2020-02-20,21.5,21.5,22.5,20.0,20.0,536
2020-02-21,23.25,23.25,24.5,20.5,20.5,578
2020-02-24,22.0,22.0,25.0,20.0,23.25,914
2020-02-25,23.0,23.0,23.75,20.0,21.5,469
2020-02-26,22.5,22.5,24.25,20.0,22.5,588
2020-02-27,22.0,22.0,25.0,21.25,22.5,409
2020-02-28,23.75,23.75,25.0,22.25,22.25,318
2020-03-02,22.5,22.5,25.0,21.5,22.5,615
2020-03-03,22.5,22.5,23.25,21.25,21.25,655
2020-03-04,22.5,22.5,22.5,20.0,22.5,615
2020-03-05,22.5,22.5,27.25,20.75,20.75,444
2020-03-06,21.25,21.25,22.5,20.0,22.5,845
2020-03-09,21.25,21.25,25.0,20.0,22.0,647
2020-03-10,21.25,21.25,27.5,20.0,22.5,540
2020-03-11,21.25,21.25,25.0,20.75,24.0,368
2020-03-12,17.5,17.5,24.5,17.5,21.25,1042
2020-03-13,22.5,22.5,22.5,17.5,17.5,284
2020-03-16,18.75,18.75,22.5,17.5,22.5,825
2020-03-17,21.25,21.25,21.25,18.75,18.75,922
2020-03-18,20.0,20.0,21.25,17.5,20.25,474
2020-03-19,17.75,17.75,22.5,17.5,22.5,94
2020-03-20,20.25,20.25,22.5,17.5,18.75,682
2020-03-23,17.75,17.75,22.0,17.75,20.0,1026
2020-03-24,18.5,18.5,23.75,17.75,22.5,429
2020-03-25,18.75,18.75,19.75,17.5,18.5,882
2020-03-26,19.0,19.0,20.0,18.75,19.25,308
2020-03-27,17.75,17.75,20.25,17.5,19.75,294
2020-03-30,19.5,19.5,21.25,18.25,20.25,333
2020-03-31,18.75,18.75,19.75,18.75,19.75,41
2020-04-01,18.75,18.75,20.0,18.75,18.75,346
2020-04-02,17.75,17.75,20.0,17.75,19.0,146
2020-04-03,18.0,18.0,18.75,17.75,18.75,170
2020-04-06,18.0,18.0,21.25,17.75,17.75,324
2020-04-07,19.5,19.5,20.0,17.75,18.25,322
2020-04-08,17.75,17.75,19.5,17.5,18.75,418
2020-04-09,20.5,20.5,21.25,17.5,17.5,236
2020-04-13,19.5,19.5,20.5,19.25,20.5,154
2020-04-14,18.75,18.75,20.5,18.75,19.25,644
2020-04-15,17.75,17.75,21.25,17.75,18.75,313
2020-04-16,19.0,19.0,25.0,17.75,17.75,453
2020-04-17,22.0,22.0,22.5,20.0,22.25,377
2020-04-20,21.75,21.75,22.5,21.75,22.5,281
2020-04-21,22.5,22.5,22.5,22.0,22.5,315
2020-04-22,22.5,22.5,22.5,21.25,22.0,274
2020-04-23,25.0,25.0,25.0,21.25,21.75,203
2020-04-24,22.75,22.75,24.0,21.5,21.5,192
2020-04-27,21.5,21.5,24.0,21.5,22.5,526
2020-04-28,22.5,22.5,23.25,21.25,22.5,683
2020-04-29,21.25,21.25,22.5,21.25,22.5,190
2020-04-30,25.0,25.0,25.0,20.0,21.5,517
2020-05-01,22.5,22.5,25.0,22.5,23.25,95
2020-05-04,21.75,21.75,24.75,20.5,24.75,166
2020-05-05,21.25,21.25,22.5,20.5,20.5,249
2020-05-06,21.5,21.5,22.25,20.75,20.75,220
2020-05-07,20.5,20.5,21.5,20.5,21.0,584
2020-05-08,20.0,20.0,22.5,20.0,20.5,502
2020-05-11,20.0,20.0,22.5,20.0,20.0,480
2020-05-12,20.0,20.0,22.0,20.0,22.0,367
2020-05-13,22.5,22.5,22.5,20.0,22.5,574
2020-05-14,20.0,20.0,22.25,20.0,20.0,131
2020-05-15,21.25,21.25,25.0,20.0,21.25,84
2020-05-18,22.5,22.5,25.0,18.5,18.5,397
2020-05-19,20.0,20.0,25.0,20.0,25.0,149
2020-05-20,22.25,22.25,24.25,20.0,20.0,180
2020-05-21,24.75,24.75,24.75,20.0,21.25,892
2020-05-22,24.0,24.0,24.75,20.0,24.75,690
2020-05-26,20.0,20.0,25.0,19.5,25.0,1157
2020-05-27,20.0,20.0,20.75,19.5,19.5,380
2020-05-28,24.75,24.75,24.75,18.25,19.0,875
2020-05-29,24.75,24.75,25.0,18.75,25.0,730
2020-06-01,21.5,21.5,25.0,20.25,25.0,328
2020-06-02,24.25,24.25,25.0,20.25,22.5,1340
2020-06-03,23.5,23.5,23.75,18.75,18.75,780
2020-06-04,31.25,31.25,40.0,24.0,24.75,5094
2020-06-05,28.0,28.0,32.75,26.75,32.75,1001
2020-06-08,30.0,30.0,31.25,25.0,29.75,1218
2020-06-09,28.75,28.75,32.5,25.0,31.25,315
2020-06-10,30.0,30.0,30.0,27.5,30.0,85
2020-06-11,26.75,26.75,30.0,26.25,30.0,338
2020-06-12,28.25,28.25,31.0,23.75,23.75,410
2020-06-15,28.75,28.75,30.0,27.25,27.75,155
2020-06-16,27.5,27.5,28.75,27.5,27.5,173
2020-06-17,26.25,26.25,28.25,26.25,26.75,261
2020-06-18,29.75,29.75,30.0,25.25,28.75,636
2020-06-19,29.5,29.5,29.75,25.25,25.25,194
2020-06-22,32.5,32.5,32.5,25.75,29.5,681
2020-06-23,31.25,31.25,39.75,31.25,31.25,805
2020-06-24,31.75,31.75,33.75,30.75,31.25,1422
2020-06-25,33.75,33.75,36.25,30.25,31.5,954
2020-06-26,36.25,36.25,38.25,34.0,35.75,817
2020-06-29,46.75,46.75,48.75,36.5,37.25,8084
2020-06-30,39.25,39.25,47.5,34.5,47.5,2400
2020-07-01,38.75,38.75,40.0,35.25,40.0,652
2020-07-02,37.75,37.75,39.75,36.25,39.0,427
2020-07-06,39.25,39.25,40.0,37.0,37.0,405
2020-07-07,39.5,39.5,39.75,37.5,37.5,312
2020-07-08,38.25,38.25,40.0,37.75,40.0,150
2020-07-09,36.25,36.25,40.0,35.25,40.0,308
2020-07-10,33.25,33.25,38.25,31.5,38.25,890
2020-07-13,28.75,28.75,36.5,27.5,31.5,1033
2020-07-14,29.0,29.0,30.0,27.5,28.5,327
2020-07-15,31.25,31.25,43.75,28.25,28.25,807
2020-07-16,30.0,30.0,31.75,29.75,31.75,142
2020-07-17,31.25,31.25,31.75,26.5,26.5,359
2020-07-20,31.25,31.25,31.75,27.75,29.0,341
2020-07-21,31.0,31.0,31.5,29.0,31.5,594
2020-07-22,31.0,31.0,31.5,30.0,31.5,376
2020-07-23,29.25,29.25,31.0,29.0,30.25,261
2020-07-24,28.75,28.75,30.0,27.5,29.75,327
2020-07-27,25.75,25.75,28.75,24.25,28.0,940
2020-07-28,22.5,22.5,27.5,21.0,25.0,1151
2020-07-29,21.75,21.75,25.0,21.0,22.5,1046
2020-07-30,20.0,20.0,22.5,19.75,21.0,1818
2020-07-31,12.75,12.75,18.0,12.75,18.0,14560
2020-08-03,12.5,12.5,14.75,12.25,12.5,11718
2020-08-04,12.5,12.5,16.25,12.5,16.25,8467
2020-08-05,11.0,11.0,13.75,10.25,13.75,6955
2020-08-06,10.25,10.25,12.25,10.25,12.25,4056
2020-08-07,11.25,11.25,13.25,10.25,12.5,3694
2020-08-10,11.25,11.25,13.75,10.75,11.75,14145
2020-08-11,12.5,12.5,13.5,10.75,12.25,12097
2020-08-12,12.75,12.75,16.0,11.5,11.5,14979
2020-08-13,12.5,12.5,14.25,11.5,12.5,10419
2020-08-14,12.5,12.5,13.75,11.75,12.75,8340
2020-08-17,13.25,13.25,13.75,11.5,13.75,6323
2020-08-18,12.5,12.5,13.25,10.75,12.5,2716
2020-08-19,12.5,12.5,13.0,12.25,13.0,1852
2020-08-20,12.5,12.5,13.0,12.25,12.5,1356
2020-08-21,12.5,12.5,13.75,12.25,12.75,18369
2020-08-24,12.5,12.5,13.25,12.0,12.25,1515
2020-08-25,12.75,12.75,12.75,12.0,12.0,858
2020-08-26,12.25,12.25,12.75,12.0,12.75,761
2020-08-27,11.75,11.75,12.5,11.25,12.5,1196
2020-08-28,11.0,11.0,12.5,10.75,11.75,2246
2020-08-31,11.25,11.25,12.5,10.75,10.75,1470
2020-09-01,12.25,12.25,12.75,10.75,12.75,4004
2020-09-02,11.25,11.25,12.5,10.75,11.25,611
2020-09-03,11.0,11.0,12.5,10.75,12.5,4229
2020-09-04,10.75,10.75,11.25,10.75,11.25,954
2020-09-08,10.5,10.5,11.5,10.5,11.5,1094
2020-09-09,10.5,10.5,12.0,10.0,10.75,5355
2020-09-10,10.75,10.75,12.0,10.25,10.25,6637
2020-09-11,11.25,11.25,12.5,10.0,11.25,3210
2020-09-14,10.5,10.5,11.25,10.0,11.25,1591
2020-09-15,10.25,10.25,10.75,10.0,10.75,1423
2020-09-16,10.5,10.5,11.25,10.0,10.25,1801
2020-09-17,10.25,10.25,11.0,10.0,10.5,635
2020-09-18,10.25,10.25,10.5,10.0,10.25,914
2020-09-21,10.25,10.25,10.5,10.0,10.0,3286
2020-09-22,10.0,10.0,10.25,10.0,10.25,282
2020-09-23,10.0,10.0,11.0,9.75,10.0,1292
2020-09-24,9.5,9.5,10.75,9.25,10.75,2378
2020-09-25,9.25,9.25,10.0,9.25,10.0,1167
2020-09-28,9.75,9.75,10.25,9.0,9.25,4517
2020-09-29,9.25,9.25,10.0,9.0,10.0,1084
2020-09-30,10.5,10.5,10.5,9.0,9.0,1554
2020-10-01,10.0,10.0,10.75,9.0,10.75,1126
2020-10-02,9.75,9.75,10.0,9.75,10.0,256
2020-10-05,10.0,10.0,10.0,9.0,9.75,418
2020-10-06,10.5,10.5,10.75,9.0,9.25,774
2020-10-07,10.25,10.25,10.5,9.5,10.5,984
2020-10-08,9.5,9.5,10.5,9.25,10.5,3226
2020-10-09,10.0,10.0,10.5,9.0,9.25,431
2020-10-12,10.75,10.75,12.25,9.0,10.5,4281
2020-10-13,9.75,9.75,11.25,9.5,11.25,1364
2020-10-14,9.75,9.75,11.25,9.5,9.75,1519
2020-10-15,10.5,10.5,10.5,9.75,9.75,588
2020-10-16,10.0,10.0,12.0,9.75,9.75,977
2020-10-19,9.75,9.75,11.25,9.5,11.0,867
2020-10-20,9.75,9.75,12.0,9.5,11.0,904
2020-10-21,10.25,10.25,12.0,9.75,12.0,180
2020-10-22,11.0,11.0,11.0,9.5,10.5,1092
2020-10-23,9.25,9.25,11.0,9.25,11.0,1114
2020-10-26,9.0,9.0,10.5,9.0,9.25,740
2020-10-27,9.25,9.25,9.25,9.0,9.25,257
2020-10-28,9.0,9.0,10.0,9.0,9.0,488
2020-10-29,10.0,10.0,10.25,9.0,9.0,2049
2020-10-30,9.5,9.5,10.0,9.0,10.0,423
2020-11-02,9.5,9.5,10.0,9.0,10.0,374
2020-11-03,9.75,9.75,9.75,9.25,9.5,184
2020-11-04,9.5,9.5,9.5,9.25,9.5,711
2020-11-05,9.75,9.75,9.75,9.5,9.75,401
2020-11-06,9.75,9.75,10.25,9.5,9.5,634
2020-11-09,9.5,9.5,11.5,8.5,9.5,2418
2020-11-10,9.0,9.0,11.25,9.0,11.25,675
2020-11-11,9.25,9.25,9.5,9.0,9.0,518
2020-11-12,9.0,9.0,9.25,9.0,9.0,534
2020-11-13,9.25,9.25,9.25,9.25,9.25,469
2020-11-16,9.75,9.75,13.75,8.75,9.0,18708
2020-11-17,9.5,9.5,10.0,9.0,9.75,1704
2020-11-18,8.75,8.75,9.75,8.5,9.75,4514
2020-11-19,8.5,8.5,9.5,8.25,8.75,2001
2020-11-20,8.75,8.75,9.5,8.25,8.5,3422
2020-11-23,8.25,8.25,9.0,8.0,8.25,820
2020-11-24,8.25,8.25,9.0,8.0,8.0,1251
2020-11-25,8.25,8.25,8.5,8.0,8.25,1847
2020-11-27,7.75,7.75,8.25,7.75,8.0,1816
2020-11-30,7.75,7.75,8.5,7.5,7.5,1366
2020-12-01,7.5,7.5,8.25,7.25,7.5,5384
2020-12-02,7.5,7.5,8.75,6.75,7.25,18554
2020-12-03,7.75,7.75,8.75,7.25,8.75,12651
2020-12-04,8.0,8.0,8.0,7.5,7.75,6127
2020-12-07,9.5,9.5,10.0,7.75,7.75,15131
2020-12-08,8.25,8.25,10.0,7.5,9.5,7842
2020-12-09,7.5,7.5,8.25,6.25,6.75,9367
2020-12-10,7.5,7.5,8.0,7.0,7.5,4357
2020-12-11,7.5,7.5,9.5,7.25,7.25,21644
2020-12-14,8.25,8.25,11.5,7.5,7.5,24147
2020-12-15,8.5,8.5,9.5,7.75,9.5,7421
2020-12-16,10.0,10.0,11.5,8.25,10.0,37388
2020-12-17,11.0,11.0,12.25,9.25,12.25,38516
2020-12-18,13.75,13.75,15.0,10.5,11.25,28459
2020-12-21,11.25,11.25,15.0,10.5,15.0,44902
2020-12-22,10.5,10.5,14.75,10.0,14.75,15472
2020-12-23,11.25,11.25,11.5,9.75,10.0,11536
2020-12-24,11.5,11.5,13.0,10.75,11.5,10083
2020-12-28,10.25,10.25,13.75,8.75,12.5,15526
2020-12-29,10.0,10.0,11.0,8.75,10.25,9974
2020-12-30,10.0,10.0,10.5,9.0,10.0,10677
2020-12-31,10.0,10.0,10.5,9.0,10.25,6596
2021-01-04,10.0,10.0,11.5,9.75,10.0,12471
2021-01-05,10.5,10.5,12.5,9.75,11.0,28692
2021-01-06,10.0,10.0,11.75,10.0,11.0,36557
2021-01-07,10.0,10.0,12.5,10.0,10.25,31412
2021-01-08,10.25,10.25,11.75,10.0,11.75,20177
2021-01-11,11.5,11.5,12.0,10.0,10.75,37360
2021-01-12,15.75,15.75,16.0,11.5,11.5,128082
2021-01-13,25.0,25.0,30.0,14.75,17.25,196440
2021-01-14,22.25,22.25,27.5,18.25,25.5,50424
2021-01-15,22.5,22.5,25.0,22.0,23.25,27851
2021-01-19,27.5,27.5,61.5,20.0,30.0,31087
2021-01-20,26.25,26.25,32.75,26.25,32.75,19397
2021-01-21,23.5,23.5,29.5,22.75,25.0,17755
2021-01-22,22.5,22.5,25.0,20.25,25.0,22588
2021-01-25,21.75,21.75,25.0,20.5,22.75,29687
2021-01-26,21.0,21.0,25.0,20.0,21.75,23603
2021-01-27,19.75,19.75,21.75,19.25,20.25,18367
2021-01-28,17.5,17.5,21.25,17.0,20.25,19376
2021-01-29,18.75,18.75,20.75,17.0,17.5,19220
2021-02-01,20.75,20.75,22.5,18.75,18.75,13778
2021-02-02,29.25,29.25,32.0,22.5,23.0,54761
2021-02-03,32.0,32.0,35.0,30.0,35.0,30082
2021-02-04,32.5,32.5,37.5,31.0,37.5,23402
2021-02-05,31.0,31.0,35.0,30.0,34.5,18830
2021-02-08,32.25,32.25,33.75,30.75,31.75,20827
2021-02-09,30.0,30.0,33.25,28.0,32.25,28819
2021-02-10,30.0,30.0,33.0,28.75,29.75,22767
2021-02-11,32.5,32.5,32.5,28.25,31.75,16853
2021-02-12,30.0,30.0,32.5,29.0,32.25,17093
2021-02-16,32.5,32.5,34.25,30.0,33.25,22644
2021-02-17,32.0,32.0,35.75,32.0,33.0,22035
2021-02-18,32.5,32.5,33.25,30.5,32.5,15387
2021-02-19,32.5,32.5,34.5,30.75,33.75,19107
2021-02-22,31.25,31.25,33.75,30.0,31.75,20074
2021-02-23,29.5,29.5,33.25,27.5,33.25,14108
2021-02-24,30.0,30.0,31.25,27.75,30.75,8816
2021-02-25,29.0,29.0,31.25,28.75,31.0,8748
2021-02-26,27.5,27.5,29.75,25.0,29.0,11923
2021-03-01,21.5,21.5,27.5,21.25,27.5,27931
2021-03-02,22.5,22.5,26.25,22.0,24.5,9866
2021-03-03,23.25,23.25,26.25,22.5,25.0,8595
2021-03-04,21.5,21.5,24.75,21.0,24.5,15409
2021-03-05,23.0,23.0,25.0,22.0,22.0,8045
2021-03-08,26.5,26.5,27.5,23.25,23.25,9471
2021-03-09,33.5,33.5,36.25,27.0,30.0,71296
2021-03-10,32.0,32.0,37.5,30.5,37.5,23077
2021-03-11,32.0,32.0,32.75,31.25,32.5,11358
2021-03-12,29.5,29.5,33.75,28.75,32.75,10692
2021-03-15,29.0,29.0,32.5,27.5,31.25,11863
2021-03-16,31.0,31.0,32.5,29.5,32.5,9171
2021-03-17,31.25,31.25,31.25,30.0,30.25,4944
2021-03-18,31.25,31.25,31.5,30.25,31.25,4248
2021-03-19,31.0,31.0,31.75,30.75,31.25,6706
2021-03-22,33.0,33.0,34.25,30.0,31.0,25279
2021-03-23,31.25,31.25,33.0,30.0,32.75,11685
2021-03-24,29.25,29.25,31.25,29.25,31.25,15407
2021-03-25,28.75,28.75,32.75,27.75,29.5,6340
2021-03-26,30.0,30.0,31.25,29.25,30.0,5104
2021-03-29,28.75,28.75,32.5,28.75,31.25,7610
2021-03-30,29.25,29.25,31.25,27.5,31.25,4446
2021-03-31,29.75,29.75,29.75,28.5,29.5,1984
2021-04-01,29.0,29.0,30.0,28.75,29.75,3815
2021-04-05,30.0,30.0,30.0,28.75,29.0,4896
2021-04-06,30.0,30.0,30.25,29.25,30.0,4480
2021-04-07,30.0,30.0,31.25,29.5,30.0,2834
2021-04-08,30.25,30.25,30.5,28.75,30.0,3769
2021-04-09,30.0,30.0,30.75,29.25,30.0,3775
2021-04-12,28.75,28.75,30.0,27.5,30.0,6166
2021-04-13,28.75,28.75,29.5,27.5,28.25,4045
2021-04-14,30.25,30.25,31.25,29.75,30.0,6977
2021-04-15,30.0,30.0,30.75,29.0,30.75,7956
2021-04-16,30.0,30.0,30.5,29.0,30.5,6854
2021-04-19,29.25,29.25,30.25,28.0,30.0,6175
2021-04-20,29.75,29.75,30.0,28.75,29.75,5917
2021-04-21,29.5,29.5,30.0,29.0,30.0,4735
2021-04-22,29.75,29.75,30.5,29.5,30.0,6074
2021-04-23,29.5,29.5,30.0,29.5,30.0,3458
2021-04-26,29.5,29.5,30.0,28.5,29.75,6642
2021-04-27,29.75,29.75,29.75,28.75,29.5,2888
2021-04-28,30.0,30.0,30.25,29.25,29.75,6604
2021-04-29,31.0,31.0,31.25,29.75,30.25,8203
2021-04-30,30.25,30.25,31.25,29.75,31.0,9952
2021-05-03,29.75,29.75,30.75,29.0,30.75,5076
2021-05-04,28.5,28.5,29.75,26.25,29.75,9070
2021-05-05,27.0,27.0,29.0,25.5,28.5,7904
2021-05-06,26.0,26.0,28.5,25.25,28.5,4567
2021-05-07,22.5,22.5,27.5,22.5,26.0,8703
2021-05-10,22.25,22.25,25.0,21.75,25.0,7680
2021-05-11,22.5,22.5,23.75,20.75,20.75,7332
2021-05-12,23.0,23.0,24.75,22.5,23.5,3944
2021-05-13,25.0,25.0,25.5,23.25,23.25,4159
2021-05-14,25.5,25.5,26.25,24.5,26.0,3775
2021-05-17,27.5,27.5,30.0,25.5,26.0,6120
2021-05-18,31.75,31.75,32.5,27.5,27.5,20806
2021-05-19,30.25,30.25,32.5,30.0,32.5,6426
2021-05-20,30.75,30.75,32.0,29.5,30.0,5078
2021-05-21,30.0,30.0,30.75,29.75,30.75,6124
2021-05-24,29.5,29.5,30.5,28.75,29.75,3192
2021-05-25,28.75,28.75,30.5,27.5,29.75,2599
2021-05-26,27.75,27.75,30.0,27.75,29.0,2459
2021-05-27,27.25,27.25,29.0,26.75,27.5,5403
2021-05-28,34.5,34.5,34.5,26.75,26.75,16814
2021-06-01,42.25,42.25,43.75,37.5,43.75,37187
2021-06-02,62.25,62.25,64.75,41.75,42.5,52699
2021-06-03,47.5,47.5,62.25,45.25,62.25,41995
2021-06-04,45.0,45.0,49.25,42.75,49.25,13543
2021-06-07,47.75,47.75,49.75,43.75,47.25,11670
2021-06-08,46.0,46.0,49.25,45.0,47.5,13330
2021-06-09,40.5,40.5,48.0,38.0,48.0,16742
2021-06-10,40.0,40.0,43.25,39.0,41.25,11360
2021-06-11,40.0,40.0,44.75,38.25,41.0,9594
2021-06-14,40.0,40.0,45.0,39.5,40.25,10900
2021-06-15,41.25,41.25,45.0,40.0,40.5,12004
2021-06-16,41.25,41.25,45.0,41.25,42.5,9539
2021-06-17,42.5,42.5,43.75,40.75,41.25,8093
2021-06-18,42.5,42.5,43.25,40.0,43.25,4140
2021-06-21,41.25,41.25,43.0,40.75,43.0,6556
2021-06-22,40.25,40.25,42.5,39.75,42.5,5346
2021-06-23,40.25,40.25,42.0,40.0,41.75,5001
2021-06-24,40.0,40.0,41.25,39.5,40.25,5205
2021-06-25,40.0,40.0,41.25,38.75,40.0,3672
2021-06-28,40.0,40.0,41.75,39.5,40.0,7564
2021-06-29,40.0,40.0,41.75,39.0,40.0,3266
2021-06-30,40.25,40.25,41.25,37.5,40.75,6713
2021-07-01,38.75,38.75,41.25,38.0,40.75,3236
2021-07-02,38.75,38.75,41.0,38.0,38.5,3114
2021-07-06,35.0,35.0,40.0,32.75,38.5,12976
2021-07-07,36.25,36.25,40.0,34.5,34.5,4620
2021-07-08,40.5,40.5,41.5,35.5,36.25,3209
2021-07-09,43.25,43.25,43.25,40.0,42.5,5630
2021-07-12,42.0,42.0,45.0,41.0,42.5,3702
2021-07-13,41.25,41.25,42.25,39.5,42.25,2882
2021-07-14,39.75,39.75,41.25,38.0,41.25,4204
2021-07-15,41.5,41.5,41.75,38.75,38.75,3515
2021-07-16,41.25,41.25,45.0,39.75,41.5,3382
2021-07-19,38.0,38.0,42.0,37.5,40.75,4335
2021-07-20,38.25,38.25,40.5,38.0,38.5,3093
2021-07-21,38.5,38.5,39.75,38.25,38.5,1866
2021-07-22,36.0,36.0,38.75,35.0,38.75,13577
2021-07-23,36.25,36.25,37.25,35.0,35.75,3484
2021-07-26,37.5,37.5,38.75,35.0,36.25,8365
2021-07-27,37.5,37.5,45.0,37.0,38.75,16560
2021-07-28,37.5,37.5,44.5,36.5,44.5,7120
2021-07-29,39.0,39.0,39.25,37.25,38.0,3668
2021-07-30,38.75,38.75,40.0,37.5,40.0,2910
2021-08-02,37.5,37.5,39.5,36.25,37.75,7041
2021-08-03,37.5,37.5,38.75,37.5,38.75,2695
2021-08-04,37.5,37.5,38.75,37.0,37.5,7369
2021-08-05,38.0,38.0,38.75,37.5,37.5,3734
2021-08-06,36.0,36.0,38.75,33.75,37.5,8607
2021-08-09,34.75,34.75,36.75,33.5,35.75,13124
2021-08-10,36.5,36.5,38.25,33.75,38.25,7127
2021-08-11,37.0,37.0,37.5,36.0,37.5,2517
2021-08-12,35.5,35.5,38.0,35.5,37.5,4003
2021-08-13,35.5,35.5,37.25,35.25,36.5,3187
2021-08-16,37.25,37.25,38.5,35.0,36.75,7332
2021-08-17,40.0,40.0,40.0,37.25,38.25,5507
2021-08-18,37.5,37.5,40.0,37.0,40.0,4850
2021-08-19,36.75,36.75,38.75,36.25,37.25,2558
2021-08-20,35.75,35.75,37.25,35.0,36.75,3434
2021-08-23,35.5,35.5,37.0,35.0,35.0,6764
2021-08-24,35.25,35.25,37.0,35.0,35.5,4058
2021-08-25,35.75,35.75,36.25,35.0,35.25,3607
2021-08-26,35.5,35.5,36.5,34.5,36.5,3828
2021-08-27,35.0,35.0,37.5,34.75,36.0,5368
2021-08-30,34.5,34.5,36.25,33.0,34.5,9368
2021-08-31,35.0,35.0,35.75,33.75,34.5,2432
2021-09-01,34.0,34.0,35.0,33.0,35.0,6507
2021-09-02,33.5,33.5,35.0,33.0,35.0,3996
2021-09-03,33.5,33.5,35.0,32.75,33.75,3743
2021-09-07,32.5,32.5,33.25,30.5,32.75,6020
2021-09-08,31.75,31.75,32.5,31.5,32.0,1154
2021-09-09,32.25,32.25,33.25,31.5,31.5,2250
2021-09-10,33.0,33.0,33.25,32.0,32.25,1641
2021-09-13,32.75,32.75,35.0,32.75,33.75,7435
2021-09-14,30.75,30.75,33.25,30.25,30.25,4054
2021-09-15,29.75,29.75,32.5,20.75,31.5,19609
2021-09-16,30.0,30.0,31.5,27.5,30.0,5265
2021-09-17,31.0,31.0,32.25,28.75,31.25,2994
2021-09-20,28.75,28.75,31.25,25.0,31.0,14387
2021-09-21,28.25,28.25,29.5,25.0,29.5,5672
2021-09-22,30.0,30.0,30.0,26.25,26.25,2598
2021-09-23,29.0,29.0,30.5,27.75,27.75,3028
2021-09-24,28.75,28.75,29.5,27.5,29.0,2167
2021-09-27,24.75,24.75,28.25,23.75,28.25,32441
2021-09-28,22.5,22.5,24.75,22.5,24.75,20994
2021-09-29,22.25,22.25,24.75,21.25,22.5,16490
2021-09-30,26.25,26.25,28.0,21.75,23.75,9434
2021-10-01,25.0,25.0,27.0,24.5,27.0,13347
2021-10-04,22.75,22.75,25.5,22.5,24.75,8404
2021-10-05,22.25,22.25,23.75,22.0,22.5,6976
2021-10-06,22.25,22.25,23.75,22.0,22.5,4879
2021-10-07,22.25,22.25,24.0,22.0,24.0,6924
2021-10-08,22.0,22.0,23.75,21.5,22.25,6694
2021-10-11,22.0,22.0,22.5,21.25,21.25,4174
2021-10-12,19.25,19.25,23.75,18.75,22.0,24844
2021-10-13,19.0,19.0,20.75,19.0,19.0,9628
2021-10-14,18.5,18.5,19.75,17.75,19.0,4382
2021-10-15,17.75,17.75,18.75,16.75,18.75,15984
2021-10-18,17.5,17.5,18.75,16.25,17.75,5255
2021-10-19,17.25,17.25,18.5,16.75,17.0,3979
2021-10-20,17.5,17.5,18.5,17.0,17.5,6363
2021-10-21,16.25,16.25,18.5,14.75,17.0,17765
2021-10-22,15.5,15.5,15.75,14.5,15.75,12684
2021-10-25,13.75,13.75,15.75,12.0,15.0,59142
2021-10-26,14.25,14.25,15.0,12.75,13.25,11483
2021-10-27,14.75,14.75,15.5,13.0,14.75,7033
2021-10-28,15.5,15.5,18.0,14.5,15.0,10878
2021-10-29,18.0,18.0,18.25,13.5,15.0,7602
2021-11-01,19.25,19.25,22.0,15.75,16.5,16657
2021-11-02,20.0,20.0,21.0,18.75,20.0,5452
2021-11-03,20.0,20.0,20.75,18.75,18.75,6013
2021-11-04,20.25,20.25,20.75,19.5,20.75,3216
2021-11-05,21.5,21.5,21.75,20.0,20.75,1795
2021-11-08,20.25,20.25,21.75,20.0,21.75,3924
2021-11-09,19.5,19.5,21.75,18.25,21.75,4690
2021-11-10,17.5,17.5,20.0,15.0,18.5,11483
2021-11-11,17.0,17.0,18.25,16.25,18.25,2917
2021-11-12,16.75,16.75,18.0,15.75,16.75,4265
2021-11-15,16.75,16.75,17.5,15.5,17.5,3411
2021-11-16,16.0,16.0,18.0,16.0,16.0,3919
2021-11-17,15.5,15.5,17.5,15.0,16.25,4858
2021-11-18,15.5,15.5,17.5,14.25,17.0,4621
2021-11-19,14.75,14.75,17.5,13.75,15.0,5460
2021-11-22,15.0,15.0,15.5,14.0,15.5,5261
2021-11-23,14.5,14.5,15.5,13.75,15.0,4042
2021-11-24,15.0,15.0,15.0,14.0,14.5,2632
2021-11-26,15.5,15.5,17.5,14.0,14.0,6484
2021-11-29,17.0,17.0,18.5,15.0,15.0,11565
2021-11-30,19.75,19.75,20.0,16.75,17.25,5194
2021-12-01,19.5,19.5,20.5,17.5,19.5,5057
2021-12-02,17.5,17.5,19.5,16.25,19.5,3439
2021-12-03,15.5,15.5,17.5,15.0,17.5,9446
2021-12-06,15.0,15.0,16.25,14.25,15.0,6253
2021-12-07,14.25,14.25,16.25,14.25,16.25,7935
2021-12-08,14.75,14.75,15.0,14.25,15.0,8044
2021-12-09,15.5,15.5,17.25,14.0,14.75,11647
2021-12-10,15.75,15.75,16.75,14.0,15.25,6309
2021-12-13,15.5,15.5,15.75,14.5,15.0,3574
2021-12-14,14.5,14.5,15.5,13.75,15.5,4818
2021-12-15,15.0,15.0,15.5,13.5,15.0,13413
2021-12-16,15.0,15.0,15.5,14.25,15.25,3854
2021-12-17,15.0,15.0,15.5,13.0,14.75,3458
2021-12-20,14.75,14.75,15.5,14.25,15.5,6165
2021-12-21,14.25,14.25,14.75,13.25,14.5,14954
2021-12-22,15.0,15.0,15.5,13.75,15.0,9794
2021-12-23,13.25,13.25,15.5,13.25,15.5,5433
2021-12-27,13.25,13.25,14.5,12.75,13.75,7450
2021-12-28,14.0,14.0,14.0,12.5,12.75,6294
2021-12-29,13.75,13.75,15.0,13.0,15.0,4548
2021-12-30,13.5,13.5,14.0,12.5,13.25,10501
2021-12-31,13.0,13.0,15.25,12.0,13.0,9476
2022-01-03,13.75,13.75,15.0,10.5,11.25,5809
2022-01-04,13.0,13.0,13.75,12.5,13.75,2754
2022-01-05,12.75,12.75,14.5,10.75,12.75,10605
2022-01-06,12.75,12.75,14.5,11.5,12.25,6324
2022-01-07,13.75,13.75,14.25,12.0,12.75,4473
2022-01-10,15.0,15.0,15.5,13.25,13.75,7090
2022-01-11,14.0,14.0,16.75,13.5,15.0,6412
2022-01-12,14.25,14.25,15.0,12.25,15.0,7374
2022-01-13,14.5,14.5,15.25,13.0,14.5,6134
2022-01-14,14.5,14.5,15.25,13.0,15.0,9938
2022-01-18,14.5,14.5,16.25,13.5,14.5,8794
2022-01-19,14.75,14.75,16.25,14.25,14.25,2750
2022-01-20,15.0,15.0,15.75,13.0,14.25,3114
2022-01-21,13.75,13.75,15.5,12.5,13.75,6549
2022-01-24,12.75,12.75,13.75,11.25,13.5,6144
2022-01-25,11.75,11.75,15.0,10.25,12.75,9278
2022-01-26,11.75,11.75,12.75,10.5,12.5,5772
2022-01-27,11.75,11.75,12.25,10.75,11.75,5902
2022-01-28,11.75,11.75,12.0,11.25,12.0,4442
2022-01-31,12.25,12.25,13.25,11.25,11.5,3253
2022-02-01,11.75,11.75,13.25,11.5,12.75,6298
2022-02-02,10.25,10.25,12.25,10.0,12.0,27152
2022-02-03,9.0,9.0,10.25,8.75,10.25,8990
2022-02-04,9.25,9.25,10.0,8.75,10.0,6698
2022-02-07,9.0,9.0,10.0,9.0,9.25,4326
2022-02-08,8.25,8.25,9.75,7.5,9.5,8522
2022-02-09,7.75,7.75,8.5,7.5,8.5,11870
2022-02-10,8.0,8.0,8.5,7.5,7.5,2906
2022-02-11,8.0,8.0,8.5,8.0,8.0,6615
2022-02-14,8.5,8.5,8.75,8.0,8.25,5668
2022-02-15,8.25,8.25,8.5,8.0,8.0,1321
2022-02-16,10.5,10.5,11.0,8.0,8.25,11871
2022-02-17,9.75,9.75,12.5,8.75,10.5,5186
2022-02-18,9.5,9.5,9.75,8.75,9.75,2441
2022-02-22,9.25,9.25,9.75,8.5,9.25,3028
2022-02-23,9.0,9.0,9.25,8.5,9.25,1224
2022-02-24,8.75,8.75,9.25,8.0,9.25,2320
2022-02-25,9.0,9.0,10.0,8.25,8.75,2978
2022-02-28,9.75,9.75,10.0,8.25,8.5,2462
2022-03-01,9.75,9.75,10.25,9.25,9.25,4798
2022-03-02,9.75,9.75,11.0,9.5,9.75,3690
2022-03-03,9.75,9.75,10.5,9.5,9.75,2278
2022-03-04,9.5,9.5,10.0,8.75,10.0,3502
2022-03-07,9.5,9.5,10.0,8.0,9.0,2330
2022-03-08,9.5,9.5,10.5,9.0,9.5,4967
2022-03-09,9.75,9.75,10.25,9.0,9.75,1733
2022-03-10,9.25,9.25,10.0,9.0,9.0,4831
2022-03-11,9.75,9.75,10.0,9.0,9.75,4017
2022-03-14,9.5,9.5,9.75,8.25,9.5,2720
2022-03-15,9.0,9.0,9.75,7.5,7.5,2650
2022-03-16,9.0,9.0,10.0,8.25,9.25,2458
2022-03-17,9.25,9.25,9.75,9.0,9.0,2499
2022-03-18,9.25,9.25,10.5,8.5,9.25,7994
2022-03-21,9.0,9.0,10.0,8.0,10.0,5942
2022-03-22,9.5,9.5,10.0,8.5,10.0,3885
2022-03-23,9.25,9.25,9.75,8.75,9.5,1513
2022-03-24,9.25,9.25,9.75,9.0,9.0,3272
2022-03-25,9.75,9.75,10.25,9.0,10.0,11961
2022-03-28,9.75,9.75,10.25,9.5,9.75,5412
2022-03-29,9.75,9.75,10.0,8.75,9.25,5781
2022-03-30,9.25,9.25,10.0,9.25,9.25,6892
2022-03-31,9.5,9.5,9.75,9.25,9.75,2418
2022-04-01,9.25,9.25,9.5,9.0,9.5,2046
2022-04-04,8.5,8.5,9.25,8.5,9.0,3247
2022-04-05,9.0,9.0,10.25,8.5,10.25,7786
2022-04-06,8.75,8.75,9.75,8.75,8.75,14441
2022-04-07,9.25,9.25,9.5,7.5,9.5,14140
2022-04-08,8.5,8.5,8.75,7.25,8.5,18028
2022-04-11,8.25,8.25,8.5,7.75,8.5,3249
2022-04-12,8.25,8.25,8.25,7.75,8.25,731
2022-04-13,8.75,8.75,8.75,8.25,8.5,5393
2022-04-14,9.0,9.0,9.0,8.25,8.75,1238
2022-04-18,8.75,8.75,9.0,8.0,9.0,2867
2022-04-19,8.75,8.75,9.0,8.25,8.25,1558
2022-04-20,9.0,9.0,9.0,8.5,8.5,1699
2022-04-21,8.75,8.75,9.0,8.5,8.75,715
2022-04-22,8.5,8.5,8.75,8.5,8.75,697
2022-04-25,8.25,8.25,9.0,8.25,8.75,2559
2022-04-26,9.0,9.0,9.5,8.25,8.25,1560
2022-04-27,9.25,9.25,9.25,8.0,9.0,1428
2022-04-28,9.25,9.25,9.5,8.5,8.75,1438
2022-04-29,9.5,9.5,9.75,8.75,9.5,3288
2022-05-02,10.5,10.5,10.5,9.25,9.25,3778
2022-05-03,12.5,12.5,13.75,10.25,10.25,10919
2022-05-04,12.75,12.75,13.75,10.75,10.75,1419
2022-05-05,13.5,13.5,15.0,12.5,13.75,3706
2022-05-06,14.25,14.25,14.5,12.5,13.5,7534
2022-05-09,11.75,11.75,14.25,10.75,14.25,4270
2022-05-10,11.25,11.25,11.75,9.25,11.75,4460
2022-05-11,10.0,10.0,12.5,9.5,12.5,4361
2022-05-12,12.5,12.5,13.25,9.75,9.75,7620
2022-05-13,10.25,10.25,13.75,8.25,13.75,11888
2022-05-16,10.0,10.0,10.25,9.25,10.25,1962
2022-05-17,10.5,10.5,12.0,10.0,10.0,3355
2022-05-18,10.75,10.75,11.25,10.0,10.25,3429
2022-05-19,11.0,11.0,11.25,10.0,10.0,2489
2022-05-20,11.25,11.25,12.25,10.5,10.5,2847
2022-05-23,10.5,10.5,11.25,9.5,11.25,4937
2022-05-24,9.75,9.75,10.5,9.25,10.0,4577
2022-05-25,9.75,9.75,9.75,8.75,9.5,2967
2022-05-26,9.75,9.75,10.25,9.25,10.25,1249
2022-05-27,10.0,10.0,11.0,9.0,9.0,2596
2022-05-31,9.5,9.5,10.0,9.0,10.0,4767
2022-06-01,10.0,10.0,10.0,9.25,9.5,2054
2022-06-02,10.0,10.0,10.0,9.5,9.5,1762
2022-06-03,9.25,9.25,10.0,8.75,10.0,2516
2022-06-06,9.75,9.75,10.0,9.0,10.0,625
2022-06-07,9.25,9.25,9.75,9.25,9.75,1430
2022-06-08,9.75,9.75,9.75,9.25,9.5,1255
2022-06-09,11.0,11.0,11.25,9.5,9.5,3656
2022-06-10,11.0,11.0,11.5,10.5,10.5,1629
2022-06-13,9.75,9.75,10.75,9.0,10.0,2770
2022-06-14,9.75,9.75,10.0,9.0,9.0,1574
2022-06-15,9.5,9.5,10.0,9.0,9.5,2794
2022-06-16,9.0,9.0,9.5,8.75,9.5,4448
2022-06-17,9.25,9.25,9.5,8.75,9.25,972
2022-06-21,8.75,8.75,9.75,7.75,9.75,5113
2022-06-22,9.5,9.5,9.5,8.25,8.75,2989
2022-06-23,9.5,9.5,9.5,8.5,9.5,1816
2022-06-24,9.5,9.5,9.75,8.75,8.75,1890
2022-06-27,9.5,9.5,9.5,9.0,9.5,1094
2022-06-28,9.25,9.25,9.25,8.75,9.25,627
2022-06-29,8.75,8.75,9.5,8.25,9.25,1785
2022-06-30,8.75,8.75,11.25,8.5,8.75,12978
2022-07-01,8.75,8.75,9.5,7.75,8.75,4328
2022-07-05,9.25,9.25,9.5,8.5,8.75,1764
2022-07-06,10.0,10.0,10.0,9.25,9.25,5901
2022-07-07,10.0,10.0,10.75,9.5,10.0,2314
2022-07-08,9.75,9.75,10.25,9.75,10.0,1729
2022-07-11,9.5,9.5,10.0,9.25,9.5,1340
2022-07-12,9.5,9.5,10.0,9.25,9.75,2020
2022-07-13,9.75,9.75,10.0,9.5,9.5,182
2022-07-14,9.5,9.5,10.0,8.75,9.5,2281
2022-07-15,9.5,9.5,9.5,9.25,9.5,358
2022-07-18,9.75,9.75,10.0,8.25,9.5,1621
2022-07-19,9.5,9.5,10.0,9.25,9.25,1618
2022-07-20,9.5,9.5,9.75,9.0,9.25,3947
2022-07-21,9.75,9.75,10.0,9.25,9.5,1050
2022-07-22,9.75,9.75,9.75,9.5,9.75,1490
2022-07-25,9.75,9.75,9.75,9.25,9.5,1617
2022-07-26,9.5,9.5,9.75,9.25,9.25,831
2022-07-27,9.25,9.25,9.75,8.25,9.25,7058
2022-07-28,9.25,9.25,9.25,9.25,9.25,1384
2022-07-29,9.25,9.25,9.25,8.75,9.25,759
2022-08-01,8.5,8.5,9.25,8.25,9.25,2562
2022-08-02,8.75,8.75,8.75,8.5,8.75,667
2022-08-03,8.5,8.5,8.75,8.5,8.75,2832
2022-08-04,8.75,8.75,8.75,8.25,8.75,4655
2022-08-05,8.75,8.75,9.5,8.0,8.0,3814
2022-08-08,8.5,8.5,9.5,8.25,8.75,1190
2022-08-09,8.25,8.25,8.5,8.0,8.5,2789
2022-08-10,7.75,7.75,8.0,6.25,8.0,11340
2022-08-11,8.0,8.0,8.0,7.0,7.75,2973
2022-08-12,8.0,8.0,8.0,7.5,8.0,1064
2022-08-15,7.5,7.5,8.0,7.25,8.0,6412
2022-08-16,6.75,6.75,7.5,6.5,7.5,8533
2022-08-17,6.75,6.75,7.25,6.0,6.25,10595
2022-08-18,6.25,6.25,7.25,6.25,6.5,1647
2022-08-19,7.75,7.75,8.25,6.25,6.25,7057
2022-08-22,7.25,7.25,8.25,7.25,7.75,3493
2022-08-23,7.25,7.25,7.5,6.75,7.25,1128
2022-08-24,6.75,6.75,7.75,6.5,7.5,3147
2022-08-25,7.25,7.25,7.5,6.75,7.5,752
2022-08-26,7.5,7.5,7.5,7.0,7.5,670
2022-08-29,7.5,7.5,7.5,6.75,6.75,747
2022-08-30,6.75,6.75,7.5,6.75,7.5,1635
2022-08-31,7.0,7.0,7.5,7.0,7.25,1010
2022-09-01,6.75,6.75,7.5,6.75,7.0,1402
2022-09-02,6.5,6.5,7.5,6.5,6.75,2760
2022-09-06,6.25,6.25,7.5,6.25,7.5,1943
2022-09-07,6.5,6.5,6.5,6.25,6.25,2522
2022-09-08,6.5,6.5,6.5,6.25,6.5,751
2022-09-09,6.25,6.25,7.5,5.5,6.5,8884
2022-09-12,7.25,7.25,7.25,5.75,6.0,1400
2022-09-13,6.75,6.75,7.25,6.0,6.0,697
2022-09-14,6.25,6.25,6.75,6.0,6.25,1596
2022-09-15,6.5,6.5,6.5,5.75,6.0,1069
2022-09-16,6.25,6.25,6.25,5.0,5.0,766
2022-09-19,6.0,6.0,6.25,5.75,5.75,558
2022-09-20,6.0,6.0,7.0,5.75,6.0,1672
2022-09-21,6.75,6.75,7.25,6.0,6.0,5023
2022-09-22,6.75,6.75,7.0,6.25,6.75,2286
2022-09-23,6.25,6.25,6.75,6.0,6.25,1873
2022-09-26,6.5,6.5,6.75,6.25,6.25,944
2022-09-27,6.5,6.5,6.75,6.0,6.5,259
2022-09-28,6.0,6.0,6.25,6.0,6.25,1068
2022-09-29,6.75,6.75,6.75,6.0,6.75,981
2022-09-30,6.5,6.5,6.75,6.25,6.75,1032
2022-10-03,6.25,6.25,7.5,5.75,6.25,4017
2022-10-04,6.5,6.5,6.75,6.0,6.25,1331
2022-10-05,6.5,6.5,6.75,5.75,6.75,461
2022-10-06,6.5,6.5,6.5,6.5,6.5,125
2022-10-07,6.5,6.5,6.75,6.25,6.5,796
2022-10-10,6.25,6.25,6.75,5.75,6.75,1294
2022-10-11,6.75,6.75,6.75,5.5,6.0,534
2022-10-12,6.5,6.5,6.75,5.75,5.75,378
2022-10-13,6.0,6.0,6.5,6.0,6.5,1343
2022-10-14,6.0,6.0,6.0,5.5,6.0,647
2022-10-17,5.5,5.5,6.75,5.5,5.5,1480
2022-10-18,5.75,5.75,6.25,5.75,6.0,74
2022-10-19,6.5,6.5,6.75,5.75,6.0,499
2022-10-20,5.75,5.75,6.75,5.75,6.5,1523
2022-10-21,6.5,6.5,6.75,6.25,6.25,337
2022-10-24,6.25,6.25,6.5,6.25,6.25,185
2022-10-25,6.0,6.0,6.25,5.75,6.25,439
2022-10-26,6.0,6.0,6.0,5.75,5.75,659
2022-10-27,6.0,6.0,6.0,5.75,6.0,578
2022-10-28,6.0,6.0,6.0,5.25,5.75,1184
2022-10-31,6.0,6.0,6.0,5.25,5.25,666
2022-11-01,5.5,5.5,6.0,5.0,5.0,1927
2022-11-02,5.5,5.5,5.75,5.0,5.5,921
2022-11-03,5.75,5.75,6.0,5.5,5.5,323
2022-11-04,5.75,5.75,6.25,5.5,5.75,802
2022-11-07,5.75,5.75,6.5,5.5,5.75,1396
2022-11-08,6.25,6.25,6.25,5.75,6.0,341
2022-11-09,5.75,5.75,6.0,5.25,5.75,1061
2022-11-10,5.75,5.75,6.5,5.0,5.5,8202
2022-11-11,5.25,5.25,6.25,5.0,6.25,6000
2022-11-14,4.5,4.5,5.5,2.75,5.25,13942
2022-11-15,4.5,4.5,5.0,4.5,5.0,1613
2022-11-16,5.5,5.5,5.75,4.5,4.5,11681
2022-11-17,4.25,4.25,6.5,3.5,6.25,30224
2022-11-18,5.0,5.0,5.0,4.25,4.25,5245
2022-11-21,4.5,4.5,5.25,4.5,5.0,2806
2022-11-22,5.0,5.0,5.0,4.25,4.5,3898
2022-11-23,4.75,4.75,5.0,4.25,4.5,5112
2022-11-25,4.75,4.75,5.0,4.25,4.5,3271
2022-11-28,4.5,4.5,4.75,3.0,4.5,3191
2022-11-29,4.5,4.5,5.0,4.5,4.5,2004
2022-11-30,4.5,4.5,4.75,4.5,4.5,3387
2022-12-01,4.5,4.5,4.75,4.25,4.5,2722
2022-12-02,4.75,4.75,4.75,4.25,4.75,3641
2022-12-05,4.5,4.5,4.75,4.5,4.75,4350
2022-12-06,4.25,4.25,4.75,3.5,4.75,17737
2022-12-07,4.0,4.0,4.5,3.75,4.25,5657
2022-12-08,3.75,3.75,4.0,3.25,3.25,6146
2022-12-09,4.0,4.0,4.0,3.5,3.75,1867
2022-12-12,3.75,3.75,4.25,3.25,3.75,5419
2022-12-13,3.75,3.75,4.0,3.0,3.75,5149
2022-12-14,3.75,3.75,3.75,3.5,3.75,1992
2022-12-15,3.5,3.5,4.0,3.25,3.75,2554
2022-12-16,3.5,3.5,4.0,3.25,3.25,4966
2022-12-19,3.25,3.25,3.25,2.75,2.75,5789
2022-12-20,3.0,3.0,3.75,2.75,3.25,12067
2022-12-21,3.0,3.0,3.5,2.75,2.75,7561
2022-12-22,3.25,3.25,3.5,2.75,3.0,3486
2022-12-23,3.25,3.25,3.5,3.0,3.25,4236
2022-12-27,3.5,3.5,4.25,3.0,3.25,11506
2022-12-28,3.5,3.5,3.75,3.25,3.5,9349
2022-12-29,4.0,4.0,4.25,3.5,3.5,7418
2022-12-30,4.0,4.0,4.25,3.75,4.0,13736
2023-01-03,4.25,4.25,4.5,3.25,4.0,8742
2023-01-04,4.0,4.0,4.25,3.75,4.0,1968
2023-01-05,4.25,4.25,4.25,3.75,4.0,6563
2023-01-06,4.0,4.0,4.25,4.0,4.25,2561
2023-01-09,3.75,3.75,4.25,3.75,4.0,2164
2023-01-10,4.0,4.0,4.25,3.75,3.75,892
2023-01-11,4.0,4.0,4.25,3.75,3.75,5740
2023-01-12,4.25,4.25,4.25,3.5,3.75,8916
2023-01-13,4.25,4.25,4.25,3.75,3.75,2322
2023-01-17,4.5,4.5,4.5,3.25,4.0,4218
2023-01-18,4.75,4.75,4.75,4.25,4.5,6832
2023-01-19,4.5,4.5,4.75,4.5,4.75,1968
2023-01-20,4.75,4.75,5.0,4.25,4.75,9280
2023-01-23,4.75,4.75,5.0,4.5,4.75,6306
2023-01-24,4.75,4.75,5.0,4.75,5.0,9252
2023-01-25,5.75,5.75,6.25,4.75,4.75,14962
2023-01-26,7.0,7.0,7.25,5.5,5.75,13165
2023-01-27,7.25,7.25,8.0,6.5,7.25,15988
2023-01-30,7.25,7.25,7.5,6.5,7.25,7126
2023-01-31,8.5,8.5,9.5,6.75,7.0,18697
2023-02-01,9.5,9.5,9.5,8.5,8.75,17152
2023-02-02,12.5,12.5,13.25,9.0,9.75,44186
2023-02-03,11.5,11.5,14.0,10.5,12.75,23730
2023-02-06,11.25,11.25,11.75,9.0,11.75,22116
2023-02-07,11.0,11.0,12.5,10.0,11.5,15384
2023-02-08,10.75,10.75,11.75,10.0,11.0,7136
2023-02-09,9.5,9.5,11.0,9.0,11.0,4894
2023-02-10,9.75,9.75,10.0,9.25,10.0,4746
2023-02-13,9.25,9.25,10.5,9.25,9.25,5110
2023-02-14,9.75,9.75,10.5,9.25,9.25,2956
2023-02-15,9.75,9.75,10.0,9.5,10.0,1754
2023-02-16,9.25,9.25,10.0,9.0,9.5,5338
2023-02-17,9.0,9.0,9.5,8.5,9.0,4133
2023-02-21,7.5,7.5,9.75,6.5,9.75,10377
2023-02-22,7.5,7.5,7.5,6.5,7.5,4216
2023-02-23,8.0,8.0,9.5,6.75,7.5,5992
2023-02-24,8.0,8.0,8.75,7.75,8.75,4763
2023-02-27,6.5,6.5,8.0,6.25,6.25,7738
2023-02-28,7.75,7.75,7.75,6.5,6.75,6807
2023-03-01,7.0,7.0,7.75,6.25,6.75,4700
2023-03-02,7.5,7.5,7.75,6.75,7.0,3555
2023-03-03,7.75,7.75,8.5,6.75,7.5,3988
2023-03-06,7.5,7.5,8.75,7.25,7.5,5780
2023-03-07,7.25,7.25,7.5,6.75,6.75,1350
2023-03-08,6.5,6.5,7.5,5.75,6.5,7048
2023-03-09,6.75,6.75,7.5,6.0,6.0,2419
2023-03-10,7.0,7.0,7.25,6.75,6.75,2009
2023-03-13,6.75,6.75,7.25,6.75,7.0,1644
2023-03-14,6.5,6.5,7.0,6.0,6.75,2901
2023-03-15,6.25,6.25,6.75,5.25,6.25,3142
2023-03-16,6.0,6.0,6.25,5.5,6.25,4035
2023-03-17,5.5,5.5,6.25,5.25,5.25,3445
2023-03-20,5.25,5.25,5.5,5.0,5.5,5989
2023-03-21,5.75,5.75,6.0,5.0,5.25,1741
2023-03-22,5.5,5.5,5.75,5.0,5.5,1384
2023-03-23,5.25,5.25,5.75,5.0,5.75,1762
2023-03-24,5.5,5.5,5.5,5.0,5.25,4410
2023-03-27,5.25,5.25,5.5,4.75,5.0,6790
2023-03-28,4.75,4.75,5.25,4.0,5.0,12249
2023-03-29,4.5,4.5,5.0,4.0,4.5,4164
2023-03-30,4.25,4.25,4.5,3.75,4.25,24185
2023-03-31,4.25,4.25,4.5,3.75,3.75,9006
2023-04-03,3.75,3.75,4.25,3.75,4.25,11818
2023-04-04,4.25,4.25,4.25,3.75,3.75,5105
2023-04-05,4.25,4.25,4.25,3.5,4.0,8334
2023-04-06,3.75,3.75,4.25,3.5,4.0,1586
2023-04-10,4.0,4.0,4.25,3.25,3.75,9939
2023-04-11,4.0,4.0,4.25,3.25,3.75,2899
2023-04-12,4.0,4.0,4.25,3.75,3.75,3341
2023-04-13,4.25,4.25,4.5,4.0,4.0,9445
2023-04-14,4.0,4.0,5.0,4.0,4.25,4582
2023-04-17,4.25,4.25,4.5,3.75,4.0,4498
2023-04-18,4.25,4.25,4.5,4.0,4.0,1393
2023-04-19,4.0,4.0,4.25,4.0,4.25,3279
2023-04-20,3.75,3.75,4.25,3.5,4.0,6335
2023-04-21,3.5,3.5,3.75,3.5,3.75,3185
2023-04-24,3.5,3.5,3.75,3.5,3.5,1639
2023-04-25,3.5,3.5,3.75,3.5,3.5,820
2023-04-26,3.5,3.5,3.75,3.5,3.5,765
2023-04-27,3.5,3.5,4.5,3.5,3.5,12358
2023-04-28,3.25,3.25,3.75,3.25,3.5,2082
2023-05-01,3.25,3.25,3.5,3.25,3.25,1957
2023-05-02,3.5,3.5,3.5,3.25,3.25,1947
2023-05-03,3.25,3.25,3.5,3.25,3.5,2473
2023-05-04,3.5,3.5,3.5,3.25,3.25,2740
2023-05-05,4.0,4.0,4.25,3.5,3.5,5123
2023-05-08,3.75,3.75,4.0,3.5,4.0,4375
2023-05-09,3.75,3.75,4.0,3.75,3.75,3440
2023-05-10,3.5,3.5,3.75,3.5,3.75,4663
2023-05-11,3.75,3.75,3.75,3.5,3.5,4151
2023-05-12,3.75,3.75,4.0,3.5,3.75,3194
2023-05-15,4.0,4.0,4.25,3.75,3.75,11482
2023-05-16,3.75,3.75,4.25,3.5,4.0,11030
2023-05-17,3.75,3.75,4.0,3.75,3.75,4977
2023-05-18,3.5,3.5,3.75,3.0,3.75,16549
2023-05-19,4.25,4.25,4.25,3.5,3.5,9212
2023-05-22,4.0,4.0,4.25,3.75,3.75,3752
2023-05-23,3.75,3.75,4.0,3.75,4.0,1661
2023-05-24,3.5,3.5,3.75,3.25,3.75,1808
2023-05-25,3.75,3.75,3.75,3.5,3.75,2035
2023-05-26,3.75,3.75,4.0,3.5,3.75,1456
2023-05-30,3.75,3.75,4.0,3.25,3.5,6276
2023-05-31,3.75,3.75,3.75,3.5,3.5,2110
2023-06-01,3.5,3.5,4.0,3.5,3.5,3628
2023-06-02,3.5,3.5,3.75,3.5,3.5,1260
2023-06-05,4.0,4.0,4.0,3.5,3.5,4308
2023-06-06,3.5,3.5,4.25,3.5,3.75,4108
2023-06-07,4.0,4.0,4.25,3.5,3.5,1212
2023-06-08,4.0,4.0,4.0,3.5,4.0,3718
2023-06-09,3.75,3.75,4.25,3.75,4.0,820
2023-06-12,4.0,4.0,4.25,3.75,3.75,4140
2023-06-13,4.0,4.0,4.25,4.0,4.0,973
2023-06-14,4.0,4.0,4.25,4.0,4.0,1025
2023-06-15,4.5,4.5,4.5,4.0,4.0,2540
2023-06-16,4.5,4.5,4.5,4.25,4.5,5078
2023-06-20,5.0,5.0,5.0,4.25,4.25,9338
2023-06-21,6.25,6.25,7.0,4.75,4.75,6960
2023-06-22,5.75,5.75,7.5,5.0,5.5,13104
2023-06-23,5.75,5.75,5.75,5.0,5.5,3696
2023-06-26,6.0,6.0,6.25,5.0,5.75,2199
2023-06-27,5.5,5.5,6.0,5.5,6.0,4002
2023-06-28,5.5,5.5,5.75,5.5,5.5,4628
2023-06-29,5.25,5.25,6.0,5.25,6.0,1061
2023-06-30,5.25,5.25,5.75,5.0,5.25,2810
2023-07-03,5.25,5.25,5.75,5.0,5.0,362
2023-07-05,5.5,5.5,6.0,4.75,4.75,1483
2023-07-06,6.0,6.0,6.0,5.0,5.0,3916
2023-07-07,5.0,5.0,6.0,5.0,5.0,1192
2023-07-10,5.0,5.0,5.75,5.0,5.75,3042
2023-07-11,5.25,5.25,6.0,5.0,5.0,4008
2023-07-12,5.25,5.25,5.75,5.25,5.5,4624
2023-07-13,5.25,5.25,5.25,5.0,5.0,2152
2023-07-14,5.25,5.25,6.0,5.0,5.25,3753
2023-07-17,6.0,6.0,6.0,5.25,5.25,4271
2023-07-18,6.0,6.0,6.25,5.75,6.0,6285
2023-07-19,6.0,6.0,6.25,5.75,6.0,1461
2023-07-20,6.0,6.0,6.25,5.75,6.0,3431
2023-07-21,6.75,6.75,6.75,6.0,6.0,3752
2023-07-24,7.5,7.5,7.75,6.5,6.75,6932
2023-07-25,7.5,7.5,8.75,6.25,7.5,12081
2023-07-26,7.75,7.75,8.75,7.0,7.5,2847
2023-07-27,7.75,7.75,8.5,7.25,7.5,2713
2023-07-28,6.5,6.5,7.75,6.5,7.5,4161
2023-07-31,5.75,5.75,6.5,5.5,6.5,5007
2023-08-01,5.25,5.25,6.25,5.0,6.25,4117
2023-08-02,5.25,5.25,5.75,5.0,5.25,10240
2023-08-03,5.0,5.0,5.25,5.0,5.25,1315
2023-08-04,5.0,5.0,5.25,4.75,4.75,2606
2023-08-07,5.25,5.25,6.25,4.5,6.25,1067
2023-08-08,4.75,4.75,5.5,4.5,5.5,3102
2023-08-09,4.75,4.75,5.25,4.75,4.75,2334
2023-08-10,4.75,4.75,5.0,4.75,4.75,5347
2023-08-11,4.25,4.25,4.75,4.0,4.75,6892
2023-08-14,4.0,4.0,4.25,3.75,4.25,10921
2023-08-15,4.0,4.0,4.5,3.5,4.0,7329
2023-08-16,3.75,3.75,4.25,3.75,4.0,6041
2023-08-17,4.25,4.25,4.5,3.75,3.75,1715
2023-08-18,4.0,4.0,4.75,3.75,4.25,8620
2023-08-21,3.25,3.25,4.25,3.0,3.75,21607
2023-08-22,2.75,2.75,3.25,2.5,3.25,39658
2023-08-23,2.5,2.5,3.0,2.5,3.0,17726
2023-08-24,2.5,2.5,2.75,1.75,2.5,19742
2023-08-25,3.5,3.5,3.75,2.5,2.5,10174
2023-08-28,4.5,4.5,4.75,3.25,3.5,14415
2023-08-29,4.0,4.0,4.75,4.0,4.5,13806
2023-08-30,4.0,4.0,4.5,3.75,4.0,3969
2023-08-31,4.5,4.5,4.75,3.75,4.0,4431
2023-09-01,4.25,4.25,4.5,4.0,4.25,1171
2023-09-05,4.25,4.25,4.25,3.75,3.75,3490
2023-09-06,4.0,4.0,4.25,3.75,3.75,1304
2023-09-07,4.5,4.5,4.5,3.75,3.75,9897
2023-09-08,3.1500000953674316,3.1500000953674316,10.0,2.109999895095825,2.109999895095825,2500
2023-09-11,2.5,2.5,3.5,2.5,2.700000047683716,25700
2023-09-12,2.3499999046325684,2.3499999046325684,2.694999933242798,2.3499999046325684,2.5,7000
2023-09-13,2.450000047683716,2.450000047683716,2.990000009536743,2.009999990463257,2.009999990463257,2500
2023-09-14,1.9830000400543213,1.9830000400543213,2.890000104904175,1.850000023841858,2.822999954223633,22600
2023-09-15,1.8799999952316284,1.8799999952316284,2.009999990463257,1.8480000495910645,1.9299999475479126,17000
2023-09-18,2.140000104904175,2.140000104904175,2.2899999618530273,1.8799999952316284,1.8799999952316284,11500
2023-09-19,2.6500000953674316,2.6500000953674316,2.828000068664551,2.200000047683716,2.200000047683716,9500
2023-09-20,3.200000047683716,3.200000047683716,3.440000057220459,2.549999952316284,2.5999999046325684,3600
2023-09-21,3.130000114440918,3.130000114440918,3.6500000953674316,3.130000114440918,3.430000066757202,5100
2023-09-22,3.4100000858306885,3.4100000858306885,3.4100000858306885,2.990000009536743,3.190000057220459,4900
2023-09-25,3.546999931335449,3.546999931335449,3.609999895095825,3.4200000762939453,3.5,32300
2023-09-26,3.5299999713897705,3.5299999713897705,3.5399999618530273,3.2829999923706055,3.5399999618530273,3900
2023-09-27,3.1500000953674316,3.1500000953674316,3.5299999713897705,3.055000066757202,3.5299999713897705,4200
2023-09-28,3.4549999237060547,3.4549999237060547,4.0,3.1500000953674316,3.4800000190734863,9000
2023-09-29,4.090000152587891,4.090000152587891,4.090000152587891,3.9000000953674316,4.0,4300
2023-10-02,3.930000066757202,3.930000066757202,4.340000152587891,3.930000066757202,4.0289998054504395,9500
2023-10-03,4.050000190734863,4.050000190734863,4.199999809265137,3.8499999046325684,4.130000114440918,2900
2023-10-04,3.700000047683716,3.700000047683716,4.0,3.6600000858306885,4.0,6500
2023-10-05,3.259999990463257,3.259999990463257,3.700000047683716,3.049999952316284,3.5899999141693115,6200
2023-10-06,2.9630000591278076,2.9630000591278076,3.109999895095825,2.9000000953674316,3.109999895095825,3500
2023-10-09,2.8299999237060547,2.8299999237060547,2.8440001010894775,2.799999952316284,2.8299999237060547,800
2023-10-10,2.5,2.5,2.880000114440918,2.3499999046325684,2.880000114440918,4600
2023-10-11,2.799999952316284,2.799999952316284,2.950000047683716,2.5,2.7249999046325684,2900
2023-10-12,2.5,2.5,2.799999952316284,2.5,2.799999952316284,16000
2023-10-13,2.640000104904175,2.640000104904175,2.640000104904175,2.359999895095825,2.5,2700
2023-10-16,2.700000047683716,2.700000047683716,2.75,2.5999999046325684,2.5999999046325684,1400
2023-10-17,2.9000000953674316,2.9000000953674316,2.9000000953674316,2.509999990463257,2.700000047683716,2200
2023-10-18,2.9000000953674316,2.9000000953674316,2.9000000953674316,2.700000047683716,2.9000000953674316,1000
2023-10-19,2.6040000915527344,2.6040000915527344,2.950000047683716,2.5799999237060547,2.950000047683716,2100
2023-10-20,2.5999999046325684,2.5999999046325684,2.5999999046325684,2.5,2.549999952316284,1700
2023-10-23,2.5999999046325684,2.5999999046325684,2.700000047683716,2.5,2.5,1600
2023-10-24,2.4100000858306885,2.4100000858306885,2.700000047683716,2.0299999713897705,2.5,5800
2023-10-25,1.850000023841858,1.850000023841858,2.4030001163482666,1.850000023841858,2.4030001163482666,12600
2023-10-26,1.5199999809265137,1.5199999809265137,2.0,1.5199999809265137,1.899999976158142,5200
2023-10-27,1.6299999952316284,1.6299999952316284,1.75,1.6100000143051147,1.6380000114440918,1800
2023-10-30,1.690000057220459,1.690000057220459,1.7000000476837158,1.6399999856948853,1.7000000476837158,5400
2023-10-31,1.75,1.75,1.7999999523162842,1.718000054359436,1.718000054359436,3500
2023-11-01,1.600000023841858,1.600000023841858,1.7599999904632568,1.600000023841858,1.7230000495910645,7600
2023-11-02,1.6200000047683716,1.6200000047683716,1.7400000095367432,1.600000023841858,1.600000023841858,1500
2023-11-03,1.7000000476837158,1.7000000476837158,1.7000000476837158,1.600000023841858,1.6200000047683716,5900
2023-11-06,1.75,1.75,1.850000023841858,1.6299999952316284,1.850000023841858,2700
2023-11-07,1.75,1.75,1.7999999523162842,1.649999976158142,1.75,3100
2023-11-08,1.7999999523162842,1.7999999523162842,1.7999999523162842,1.649999976158142,1.7000000476837158,5900
2023-11-09,1.7000000476837158,1.7000000476837158,1.7000000476837158,1.7000000476837158,1.7000000476837158,1400
2023-11-10,1.7000000476837158,1.7000000476837158,1.7999999523162842,1.7000000476837158,1.7000000476837158,4000
2023-11-13,1.7000000476837158,1.7000000476837158,1.850000023841858,1.7000000476837158,1.7000000476837158,2800
2023-11-14,1.5750000476837158,1.5750000476837158,1.7400000095367432,1.5,1.7000000476837158,10600
2023-11-15,1.440000057220459,1.440000057220459,1.649999976158142,1.440000057220459,1.5499999523162842,7300
2023-11-16,1.524999976158142,1.524999976158142,1.524999976158142,1.5,1.5,800
2023-11-17,1.7400000095367432,1.7400000095367432,1.7400000095367432,1.5499999523162842,1.5499999523162842,5000
2023-11-20,1.6929999589920044,1.6929999589920044,1.7699999809265137,1.6299999952316284,1.7400000095367432,3900
2023-11-21,1.6100000143051147,1.6100000143051147,1.7100000381469727,1.440000057220459,1.7100000381469727,6400
2023-11-22,1.5199999809265137,1.5199999809265137,1.7300000190734863,1.5199999809265137,1.6100000143051147,9500
2023-11-24,1.5499999523162842,1.5499999523162842,1.690000057220459,1.5499999523162842,1.690000057220459,700
2023-11-27,1.5499999523162842,1.5499999523162842,1.600000023841858,1.5,1.600000023841858,3800
2023-11-28,1.5499999523162842,1.5499999523162842,1.7000000476837158,1.5499999523162842,1.600000023841858,3100
2023-11-29,1.6019999980926514,1.6019999980926514,1.7000000476837158,1.559999942779541,1.559999942779541,1600
2023-11-30,1.6100000143051147,1.6100000143051147,1.7000000476837158,1.600000023841858,1.600000023841858,2400
2023-12-01,1.7300000190734863,1.7300000190734863,2.009999990463257,1.440000057220459,1.600000023841858,10700
2023-12-04,1.7799999713897705,1.7799999713897705,2.1500000953674316,1.7300000190734863,2.0,10200
2023-12-05,2.8399999141693115,2.8399999141693115,2.9800000190734863,2.430000066757202,2.450000047683716,21400
2023-12-06,4.010000228881836,4.010000228881836,4.349999904632568,2.9100000858306885,2.940000057220459,60000
2023-12-07,4.21999979019165,4.21999979019165,4.449999809265137,4.079999923706055,4.110000133514404,35300
2023-12-08,3.5,3.5,4.400000095367432,3.0,4.230000019073486,27100
2023-12-11,4.0,4.0,4.449999809265137,3.7799999713897705,3.8499999046325684,26100
2023-12-12,3.5899999141693115,3.5899999141693115,4.0,3.130000114440918,3.950000047683716,16800
2023-12-13,3.0999999046325684,3.0999999046325684,3.4079999923706055,2.619999885559082,3.0,18400
2023-12-14,2.950000047683716,2.950000047683716,3.109999895095825,2.630000114440918,3.0840001106262207,17400
2023-12-15,2.9000000953674316,2.9000000953674316,3.3499999046325684,2.8499999046325684,2.940000057220459,7400
2023-12-18,3.0829999446868896,3.0829999446868896,3.25,2.9100000858306885,3.049999952316284,8500
2023-12-19,3.200000047683716,3.200000047683716,3.2899999618530273,3.059999942779541,3.0799999237060547,2700
2023-12-20,3.049999952316284,3.049999952316284,3.299999952316284,2.8399999141693115,3.25,12200
2023-12-21,3.059999942779541,3.059999942779541,3.2829999923706055,3.059999942779541,3.2829999923706055,2900
2023-12-22,2.9600000381469727,2.9600000381469727,3.1500000953674316,2.9149999618530273,3.009999990463257,10300
2023-12-26,2.75,2.75,2.984999895095825,2.75,2.9700000286102295,6200
2023-12-27,2.549999952316284,2.549999952316284,2.819999933242798,2.3299999237060547,2.75,17200
2023-12-28,2.549999952316284,2.549999952316284,2.7200000286102295,2.5199999809265137,2.549999952316284,7000
2023-12-29,2.7200000286102295,2.7200000286102295,2.7200000286102295,2.5,2.609999895095825,4300
